id,lad_name,house_price,imd_score,income_score,employment_score,edu_score,health_score,crime_score,housing_barriers_score,living_envir_score,income_decile,employment_decile,edu_decile,health_decile,crime_decile,housing_barriers_decile,living_envir_decile
E06000001,Hartlepool,117531.8421,34.85312069,0.226241379,0.182017241,29.52022414,0.874189655,0.582344828,13.76434483,7.298431034,3.482758621,3.068965517,4.517241379,2.637931034,3.551724138,7.75862069,8.689655172
E06000002,Middlesbrough,114931.7089,40.44311628,0.251325581,0.190604651,38.78923256,1.192069767,0.680523256,14.2067907,12.53354651,3.337209302,2.965116279,3.860465116,2.151162791,3.453488372,7.651162791,7.441860465
E06000003,Redcar and Cleveland,124971.747,29.84132955,0.185534091,0.162909091,27.74535227,0.807034091,0.152227273,14.02064773,7.613875,4.318181818,3.352272727,4.715909091,2.75,4.931818182,7.556818182,8.670454545
E06000004,Stockton-on-Tees,140786.5294,25.24410833,0.161016667,0.1327,24.19915833,0.67,-0.1372,15.71714167,5.607358333,5.025,4.475,5.45,3.391666667,6.041666667,7.166666667,9.15
E06000005,Darlington,136774.2656,26.787,0.16,0.131476923,28.38163077,0.582630769,0.579523077,11.43829231,9.204384615,4.738461538,4.353846154,4.738461538,3.461538462,3.6,8.415384615,8.138461538
E06000006,Halton,144973.0921,32.87568354,0.188088608,0.161936709,30.1808481,0.967607595,0.261265823,16.36201266,19.82306329,4.17721519,3.367088608,4.164556962,2.46835443,4.506329114,6.886075949,5.721518987
E06000007,Warrington,200399.0709,18.95548031,0.109141732,0.095834646,18.79775591,0.301488189,-0.163433071,16.75002362,16.87829921,6.157480315,5.645669291,6.102362205,4.464566929,6.062992126,6.763779528,6.409448819
E06000008,Blackburn with Darwen,119916.6686,35.81362637,0.209461538,0.161769231,33.96315385,1.058384615,0.411681319,12.26484615,31.41718681,3.516483516,3.32967033,3.824175824,2.263736264,3.934065934,8.263736264,3.879120879
E06000009,Blackpool,111288.7234,45.9076383,0.2515,0.207585106,39.02197872,1.670925532,0.856361702,11.84345745,40.33612766,2.861702128,2.531914894,3.106382979,1.393617021,3.085106383,8.436170213,2.553191489
E06000010,"Kingston upon Hull, City of",110364.0359,40.33506627,0.225885542,0.168054217,41.74429518,0.848668675,0.823072289,21.0251747,34.06206627,3.355421687,3.319277108,2.957831325,2.656626506,2.728915663,5.457831325,3.228915663
E06000011,East Riding of Yorkshire,191153.5071,15.79803333,0.096419048,0.086357143,17.20676667,-0.371971429,-0.527157143,20.02488095,17.82317143,6.576190476,6.2,6.114285714,6.942857143,7.276190476,6.114285714,6.219047619
E06000012,North East Lincolnshire,126481.7822,32.04679245,0.193037736,0.144537736,36.72784906,0.431415094,0.516820755,13.18978302,26.51026415,4.235849057,4.160377358,3.745283019,4.075471698,4.056603774,7.981132075,4.811320755
E06000013,North Lincolnshire,144548.6,21.92943564,0.131851485,0.107554455,28.04187129,0.227574257,0.106950495,14.83832673,15.26013861,5.178217822,4.762376238,4.465346535,4.623762376,5.287128713,7.455445545,6.554455446
E06000014,York,258491.25,11.94210833,0.073791667,0.061591667,15.94865833,-0.298333333,-0.798708333,15.49539167,17.90173333,7.466666667,7.475,6.666666667,6.608333333,7.883333333,7.2,6.025
E06000015,Derby,166613.6208,25.27052318,0.151774834,0.111099338,32.07550993,0.499410596,-0.155715232,19.50508609,19.99675497,4.860927152,4.82781457,4.470198675,3.695364238,5.986754967,5.834437086,5.748344371
E06000016,Leicester,185488.0294,30.89465104,0.196708333,0.125265625,37.29684896,0.588135417,0.478291667,16.16882292,25.43086979,3.375,4.130208333,3.375,3.4375,3.802083333,7.046875,4.380208333
E06000017,Rutland,332699.4565,8.706521739,0.055,0.047826087,7.436521739,-1.04,-1.176869565,25.22752174,16.68408696,8.130434783,8.130434783,8.173913043,9.130434783,9.217391304,5.130434783,6.434782609
E06000018,Nottingham,148076.681,35.73131319,0.205582418,0.151076923,38.10362637,0.873631868,0.45956044,23.25836813,29.26349451,3.379120879,3.412087912,3.258241758,2.472527473,3.697802198,4.774725275,3.67032967
E06000019,"Herefordshire, County of",255832.2414,18.96776724,0.098474138,0.079198276,20.33624138,-0.310560345,-0.615310345,26.8597069,35.15709483,6.112068966,6.146551724,5.413793103,6.732758621,7.706896552,4.646551724,3.439655172
E06000020,Telford and Wrekin,171579.1204,25.34003704,0.157092593,0.123194444,28.27875,0.466916667,0.199805556,19.4630463,9.141944444,4.62037037,4.444444444,4.592592593,3.722222222,4.851851852,5.962962963,8.138888889
E06000021,Stoke-on-Trent,117318.263,34.04472327,0.187176101,0.151628931,38.63671698,1.024150943,0.475289308,15.38724528,23.06506918,3.830188679,3.301886792,3.037735849,2.132075472,3.691823899,7.257861635,5.062893082
E06000022,Bath and North East Somerset,363699.7366,12.05258261,0.081052174,0.065730435,14.53148696,-0.63513913,-0.269773913,16.8019913,13.62782609,7.060869565,7.086956522,6.895652174,7.730434783,6.504347826,6.843478261,7.139130435
E06000023,"Bristol, City of",301737.7143,26.24455513,0.139718631,0.106961977,27.3663308,0.328984791,0.750057034,23.22698479,22.12490114,5.182509506,5.224334601,4.996197719,4.372623574,2.771863118,4.764258555,5.041825095
E06000024,North Somerset,287402.963,15.88324444,0.100851852,0.088866667,16.94154074,-0.248525926,-0.17182963,18.50108148,9.651866667,6.511111111,6.155555556,6.177777778,6.525925926,6.222222222,6.362962963,8.118518519
E06000025,South Gloucestershire,288155.6212,11.62049697,0.07310303,0.062872727,18.64000606,-0.792454545,-0.218030303,19.40374545,9.313187879,7.327272727,7.212121212,5.648484848,8.309090909,6.339393939,6.054545455,8.23030303
E06000026,Plymouth,179688.8168,26.36757143,0.147273292,0.126049689,25.65511801,0.651795031,-0.07042236,18.03135404,25.56380124,4.763975155,4.198757764,4.677018634,3.180124224,5.658385093,6.354037267,4.658385093
E06000027,Torbay,204728.2303,27.75514607,0.171719101,0.143719101,25.24396629,0.501269663,0.00488764,20.30260674,21.20976404,3.764044944,3.393258427,4.292134831,3.584269663,5.617977528,5.640449438,5.595505618
E06000030,Swindon,220094.5962,18.51036364,0.108984848,0.083409091,24.64238636,0.020310606,0.178848485,18.8112197,13.70895455,6.151515152,6.310606061,4.977272727,5.454545455,4.878787879,6.159090909,7.113636364
E06000031,Peterborough,199015.0625,27.60546429,0.153839286,0.112660714,33.75329464,0.427410714,0.487875,26.7843125,16.71255357,4.428571429,4.616071429,3.901785714,3.928571429,3.723214286,3.866071429,6.25
E06000032,Luton,247885.7692,25.0347438,0.150057851,0.098371901,26.38489256,0.263107438,0.365,30.02128099,20.87193388,4.396694215,5.090909091,4.123966942,4.421487603,4.008264463,2.892561983,5.280991736
E06000033,Southend-on-Sea,307482.243,21.69962617,0.140514019,0.106383178,24.56196262,0.037233645,0.166700935,17.43525234,16.53843925,5.028037383,5.093457944,4.841121495,5.392523364,4.962616822,6.570093458,6.392523364
E06000034,Thurrock,293262.8385,20.63271429,0.127612245,0.089061224,30.26318367,-0.242693878,0.250663265,23.74471429,15.91307143,5.224489796,5.602040816,3.663265306,6.43877551,4.551020408,4.642857143,6.469387755
E06000035,Medway,255048.5802,23.79322699,0.133552147,0.104435583,28.00545399,0.076705521,0.538055215,18.93623313,24.81484663,5.09202454,5.030674847,4.085889571,5.226993865,3.72392638,6.147239264,4.736196319
E06000036,Bracknell Forest,370394.9,10.28242667,0.06792,0.0528,17.37950667,-0.86608,-0.859906667,25.54658667,4.671813333,7.453333333,7.88,5.826666667,8.4,8.48,4.106666667,9.36
E06000037,West Berkshire,391823.1186,9.889938144,0.063969072,0.051639175,13.48457732,-0.891237113,-0.680597938,20.93708247,15.23956701,7.742268041,8,6.773195876,8.597938144,7.917525773,5.711340206,6.886597938
E06000038,Reading,324888.1947,19.96005155,0.115618557,0.078247423,21.28051546,-0.012824742,0.113989691,27.37890722,21.95628866,5.608247423,6.278350515,5.556701031,5.453608247,5.030927835,3.639175258,5.164948454
E06000039,Slough,341682.9863,23.0155125,0.126125,0.080925,20.078975,0.16405,0.4182125,36.0574875,21.94935,4.7125,5.8,5.0625,4.775,3.85,1.8875,4.9125
E06000040,Windsor and Maidenhead,514488.9045,8.460516854,0.058516854,0.045775281,9.240460674,-1.011325843,-0.50011236,18.86294382,14.15211236,8.06741573,8.370786517,7.831460674,8.685393258,7.460674157,6.235955056,6.921348315
E06000041,Wokingham,442684.4949,5.819434343,0.044040404,0.038575758,6.274747475,-1.532939394,-0.995818182,22.4539697,6.533151515,8.838383838,8.929292929,8.535353535,9.696969697,8.818181818,5.121212121,8.898989899
E06000042,Milton Keynes,274692.651,17.95475,0.110519737,0.079907895,19.30513816,-0.142848684,-0.167263158,30.48578947,10.35019079,5.809210526,6.322368421,5.75,6.052631579,6.151315789,3.078947368,7.907894737
E06000043,Brighton and Hove,377147.2296,20.97853939,0.125254545,0.098024242,18.80310303,0.106236364,-0.065206061,23.13356364,24.01913939,5.321212121,5.521212121,6.218181818,5.2,5.890909091,4.739393939,4.854545455
E06000044,Portsmouth,220521.4792,26.8224,0.133512,0.092208,27.713976,0.261776,0.637352,21.058936,43.563184,5.104,5.624,4.456,4.544,3.336,5.448,2.008
E06000045,Southampton,228742.986,27.26194595,0.137695946,0.099155405,27.46356757,0.548216216,0.889324324,19.70382432,32.48217568,4.905405405,5.317567568,4.540540541,3.452702703,2.439189189,5.804054054,3.135135135
E06000046,Isle of Wight,225552.5,23.29442697,0.137449438,0.121157303,25.82492135,0.087314607,-0.216134831,18.8648427,29.17878652,4.573033708,4.011235955,4.213483146,5.101123596,6.370786517,6.269662921,4.04494382
E06000047,County Durham,116257.9193,27.43494444,0.168697531,0.149185185,25.48074383,0.734959877,0.284256173,13.85983333,5.580740741,4.148148148,3.50308642,4.663580247,2.867283951,4.49382716,7.728395062,9.12345679
E06000049,Cheshire East,258276.3526,14.18890171,0.082004274,0.073209402,14.30149573,-0.165782051,-0.398042735,18.63944444,16.85255556,7.128205128,6.764957265,7.012820513,6.153846154,6.94017094,6.427350427,6.534188034
E06000050,Cheshire West and Chester,220543.5405,18.30881132,0.109867925,0.095679245,18.7825,0.121476415,-0.273806604,15.59270283,18.42390566,6.188679245,5.716981132,6.226415094,5.127358491,6.547169811,7.231132075,5.981132075
E06000051,Shropshire,230888.263,17.40085492,0.097279793,0.078715026,18.09169948,-0.332968912,-0.582647668,25.5816114,28.64793782,6.139896373,6.124352332,5.808290155,6.803108808,7.626943005,4.85492228,4.502590674
E06000052,Cornwall,239123.6334,23.32192945,0.131407975,0.108993865,19.10140184,0.0835,-0.693892638,24.37720859,40.08572699,4.773006135,4.539877301,5.466257669,5.168711656,7.926380368,4.754601227,3.015337423
E06000053,Isles of Scilly,337500,12.005,0.029,0.019,9.671,-2.625,-0.778,20.576,66.667,10,10,7,10,9,5,1
E06000054,Wiltshire,292759.0801,13.56631228,0.078564912,0.066424561,16.78281053,-0.553768421,-0.530463158,24.4679193,17.98461053,7.035087719,6.971929825,6.192982456,7.596491228,7.466666667,4.78245614,6.249122807
E06000055,Bedford,279732.4608,19.10013592,0.113631068,0.090669903,18.90401942,-0.073407767,-0.118941748,24.69166019,19.81349515,5.834951456,5.718446602,5.757281553,5.86407767,5.86407767,4.631067961,5.601941748
E06000056,Central Bedfordshire,324115.0321,11.96833758,0.075477707,0.058808917,16.90319108,-0.700433121,-0.251649682,20.37364968,14.29004459,7.23566879,7.547770701,5.942675159,8.057324841,6.484076433,5.796178344,6.770700637
E06000057,Northumberland,172674.4873,21.90349239,0.124878173,0.115106599,22.39972589,0.194852792,-0.152015228,21.73986802,10.16171066,5.649746193,4.898477157,5.421319797,4.852791878,6.010152284,5.654822335,8.243654822
E06000058,"Bournemouth, Christchurch and Poole",305794.8498,17.8691588,0.11044206,0.087978541,19.46683262,-0.055386266,-0.140399142,21.13448069,17.12319313,5.716738197,5.74248927,5.656652361,5.656652361,6.021459227,5.433476395,6.287553648
E06000059,Dorset,301877.0757,15.62436073,0.088118721,0.078452055,18.45276712,-0.331954338,-0.720707763,24.59794977,18.15945662,6.547945205,6.228310502,5.584474886,6.757990868,8.095890411,4.853881279,6.456621005
E07000004,Aylesbury Vale,359227.2304,11.03372174,0.065626087,0.052765217,14.65082609,-0.814617391,-0.575730435,25.21941739,12.43934783,7.730434783,7.982608696,6.791304348,8.295652174,7.582608696,4.486956522,7.495652174
E07000005,Chiltern,584897.3684,6.945192982,0.052315789,0.045631579,6.099192982,-1.527,-0.771350877,22.47222807,6.438859649,8.333333333,8.333333333,8.614035088,9.561403509,8.333333333,5.175438596,8.947368421
E07000006,South Bucks,641728.1875,9.57255,0.0572,0.04345,8.7813,-1.286,-0.088125,25.96325,13.383675,8.05,8.425,7.8,9.2,5.75,4.175,7
E07000007,Wycombe,423145.4575,10.32856075,0.073738318,0.056252336,13.60923364,-1.044457944,-0.693626168,23.13746729,9.970327103,7.299065421,7.607476636,6.869158879,8.869158879,7.869158879,4.990654206,8.102803738
E07000008,Cambridge,482448.8971,15.43421739,0.083478261,0.063449275,10.72701449,-0.426971014,0.189362319,23.24317391,27.06417391,6.855072464,7.043478261,7.449275362,6.753623188,4.710144928,4.855072464,4.028985507
E07000009,East Cambridgeshire,312042.2,11.54288,0.07002,0.05564,16.6199,-0.92446,-0.76174,27.53194,14.55788,7.34,7.7,5.94,8.78,8.38,4.1,6.8
E07000010,Fenland,193527.1364,25.68149091,0.141436364,0.112545455,38.06374545,0.524745455,-0.052181818,23.85814545,15.7022,4.309090909,4.236363636,2.818181818,3.381818182,5.745454545,4.8,6.6
E07000011,Huntingdonshire,283514.3524,12.45700952,0.072266667,0.060628571,18.27509524,-0.601619048,-0.417171429,23.58262857,15.02361905,7.323809524,7.352380952,5.780952381,7.733333333,7.114285714,5.028571429,6.628571429
E07000012,South Cambridgeshire,385927.1615,8.6168125,0.055666667,0.046395833,6.661520833,-1.122708333,-0.55378125,25.0626875,13.39079167,8.25,8.333333333,8.395833333,9.09375,7.71875,4.697916667,7.197916667
E07000026,Allerdale,175885.1441,22.66918333,0.119316667,0.10995,27.3704,0.17775,-0.5842,19.40785,26.6079,5.733333333,5.15,4.733333333,4.9,7.1,6.25,4.7
E07000027,Barrow-in-Furness,134793.7245,31.56416327,0.160489796,0.150061224,26.70832653,1.26455102,-0.396489796,7.270265306,35.936,4.795918367,3.857142857,4.632653061,1.775510204,6.714285714,9.265306122,3.755102041
E07000028,Carlisle,144111.2426,22.29233824,0.118235294,0.107147059,29.49275,0.368941176,-0.310205882,17.16682353,19.13417647,5.617647059,4.941176471,4.411764706,4.25,6.191176471,6.897058824,6.132352941
E07000029,Copeland,130135.7143,25.1982449,0.129081633,0.126510204,29.43018367,0.751489796,-0.766938776,19.21591837,20.0032449,5.306122449,4.204081633,4.265306122,2.857142857,7.857142857,6.040816327,6.040816327
E07000030,Eden,214376.0417,16.25033333,0.069833333,0.060861111,18.70625,-0.540777778,-1.230166667,27.48694444,41.42755556,7.388888889,7.388888889,5.305555556,7.666666667,9.027777778,4.361111111,2.916666667
E07000031,South Lakeland,245618.8983,12.22967797,0.061864407,0.059542373,11.47216949,-0.480525424,-1.204355932,20.35672881,32.35733898,7.796610169,7.355932203,7.13559322,7.423728814,9,6.033898305,3.610169492
E07000032,Amber Valley,190039.9679,18.07141026,0.109205128,0.095025641,25.97185897,0.133448718,-0.748705128,16.42619231,16.04882051,5.884615385,5.397435897,4.692307692,5,8.166666667,6.935897436,6.512820513
E07000033,Bolsover,139270.7083,25.00727083,0.146020833,0.132666667,35.39825,0.654854167,-0.534020833,14.29404167,14.22875,4.3125,3.5625,3.291666667,2.9375,7.645833333,7.583333333,6.708333333
E07000034,Chesterfield,164476.6522,24.78488406,0.152086957,0.134811594,25.51366667,0.899884058,-0.65673913,15.17111594,8.311188406,4.579710145,3.782608696,4.782608696,2.594202899,7.811594203,7.289855072,8.449275362
E07000035,Derbyshire Dales,276473.9535,11.84332558,0.068511628,0.062162791,12.30313953,-0.545255814,-1.171325581,22.3224186,23.51551163,7.581395349,7.255813953,7.093023256,7.581395349,9.302325581,5.511627907,5.069767442
E07000036,Erewash,173508.3151,18.93386301,0.121205479,0.101136986,27.02738356,0.016260274,-0.400068493,9.244013699,19.82116438,5.589041096,5.287671233,4.616438356,5.506849315,6.95890411,8.917808219,5.602739726
E07000037,High Peak,200929.7414,15.90542373,0.098084746,0.086966102,18.12240678,0.038254237,-0.714627119,15.7690339,19.41015254,6.355932203,5.813559322,6.13559322,5.322033898,8.169491525,7.101694915,5.745762712
E07000038,North East Derbyshire,194966.4841,17.18769841,0.110190476,0.10084127,23.04990476,0.149587302,-0.996793651,13.249,12.28926984,6,5.222222222,5.174603175,4.984126984,8.80952381,7.793650794,7.301587302
E07000039,South Derbyshire,209843.2845,14.5235,0.083086207,0.071724138,21.18082759,-0.169103448,-0.666517241,20.30315517,17.78572414,6.913793103,6.810344828,5.465517241,6.137931034,8.034482759,5.862068966,5.982758621
E07000040,East Devon,303549.4444,12.70650617,0.08162963,0.07291358,14.66041975,-0.627703704,-0.960037037,18.19160494,20.96934568,6.703703704,6.395061728,6.308641975,7.925925926,8.790123457,6.49382716,6.024691358
E07000041,Exeter,255027.9324,16.31505405,0.096918919,0.080432432,18.57339189,-0.05822973,-0.323094595,16.90060811,23.53227027,6.216216216,6.135135135,5.905405405,5.689189189,6.675675676,6.837837838,4.918918919
E07000042,Mid Devon,246277.5,17.32037209,0.094139535,0.07672093,20.0512093,-0.734302326,-0.929255814,25.88881395,36.12672093,6.11627907,6.325581395,5.418604651,8.23255814,8.651162791,4.604651163,3.790697674
E07000043,North Devon,249169.7845,20.81246552,0.112775862,0.093517241,21.04489655,0.162310345,-0.674017241,26.09722414,27.02508621,5.603448276,5.448275862,5.120689655,4.913793103,7.75862069,4.534482759,5.086206897
E07000044,South Hams,304353.2041,13.58540816,0.087428571,0.073836735,8.62555102,-0.567163265,-1.034469388,21.4975102,27.92734694,6.489795918,6.367346939,7.836734694,7.693877551,9.081632653,5.653061224,4.755102041
E07000045,Teignbridge,263049.9107,15.66014286,0.099809524,0.081619048,15.45320238,-0.276678571,-0.665619048,19.0812619,24.94345238,6.035714286,5.988095238,6.202380952,6.619047619,7.928571429,6.226190476,5.119047619
E07000046,Torridge,238222.9054,23.01189189,0.119432432,0.098756757,24.06632432,0.104864865,-0.92772973,28.51202703,37.16156757,5.108108108,4.837837838,4.27027027,5,8.702702703,4.027027027,3.72972973
E07000047,West Devon,259210.3226,18.01174194,0.09683871,0.083225806,12.99970968,-0.170290323,-0.977645161,25.62045161,37.46106452,5.935483871,5.612903226,6.548387097,6.064516129,8.838709677,4.677419355,3.548387097
E07000061,Eastbourne,260825.3443,21.88967213,0.139278689,0.115065574,24.89883607,0.043229508,-0.068688525,22.66565574,13.74198361,4.704918033,4.37704918,4.639344262,5.344262295,5.721311475,5.081967213,7.016393443
E07000062,Hastings,227490.0943,34.5869434,0.203811321,0.158264151,33.42686792,0.653566038,0.476150943,26.92930189,23.06445283,3.320754717,3.301886792,3.528301887,3.245283019,3.698113208,3.509433962,5.188679245
E07000063,Lewes,352867.2581,15.76230645,0.098725806,0.081790323,20.48220968,-0.387370968,-0.530887097,24.16885484,14.57819355,6.048387097,5.935483871,5.516129032,6.951612903,7.5,4.677419355,7.064516129
E07000064,Rother,323676.6667,19.7997069,0.113293103,0.099051724,19.60972414,-0.072758621,-0.430724138,26.70062069,22.79515517,5.586206897,5.086206897,5.586206897,5.724137931,7.206896552,4.034482759,5.327586207
E07000065,Wealden,367412.2632,12.48763158,0.073978947,0.0614,14.57707368,-0.927284211,-0.746357895,25.81788421,21.20169474,7.231578947,7.357894737,6.515789474,8.557894737,8.221052632,4.389473684,5.684210526
E07000066,Basildon,320751.7431,22.80630909,0.134490909,0.100481818,31.6428,-0.103736364,0.383390909,24.34447273,10.23715455,5.263636364,5.263636364,3.845454545,5.763636364,4.236363636,4.463636364,7.8
E07000067,Braintree,298988.4195,14.79156322,0.092586207,0.074850575,21.66863218,-0.367344828,-0.280885057,20.60342529,13.80385057,6.356321839,6.252873563,4.954022989,6.942528736,6.586206897,5.793103448,7.149425287
E07000068,Brentwood,492201.087,10.04169565,0.064195652,0.051521739,12.45134783,-1.047717391,-0.0835,22.29347826,9.694152174,7.695652174,7.97826087,6.891304348,8.826086957,5.804347826,5.217391304,8.02173913
E07000069,Castle Point,303565.8772,16.84433333,0.106947368,0.086210526,29.72015789,-0.302122807,-0.191877193,19.61707018,8.646964912,5.877192982,5.719298246,3.684210526,6.614035088,6.228070175,5.894736842,8.368421053
E07000070,Chelmsford,369906.986,12.06096262,0.076485981,0.062897196,13.23295327,-0.839682243,-0.239429907,24.96031776,12.01657944,7.196261682,7.280373832,6.644859813,8.420560748,6.448598131,4.523364486,7.542056075
E07000071,Colchester,278291.8029,17.0886381,0.10112381,0.079438095,18.37965714,-0.092552381,-0.133733333,26.14782857,12.38790476,6.076190476,6.038095238,5.847619048,5.838095238,5.971428571,4.152380952,7.514285714
E07000072,Epping Forest,504121.4936,14.7425,0.090564103,0.065115385,19.34555128,-0.780076923,0.302846154,22.40980769,16.20738462,6.461538462,7,5.346153846,8.217948718,4.269230769,5.294871795,6.333333333
E07000073,Harlow,278133.3333,21.64987037,0.135333333,0.098759259,27.35431481,0.22587037,0.236981481,26.60712963,3.819444444,4.574074074,4.759259259,3.740740741,4.444444444,4.555555556,3.685185185,9.62962963
E07000074,Maldon,337530.8125,14.016925,0.085875,0.07135,20.441925,-0.532825,-0.65525,22.61925,16.8157,6.45,6.55,4.95,7.55,8,5.5,6.25
E07000075,Rochford,335556.3679,10.53201887,0.073622642,0.05890566,20.74988679,-0.938528302,-0.595358491,19.60586792,6.591075472,7.358490566,7.396226415,4.924528302,8.773584906,7.754716981,6,8.924528302
E07000076,Tendring,239346.8539,30.03685393,0.169460674,0.148280899,35.13529213,0.683179775,0.186808989,19.44604494,19.70188764,4.02247191,3.382022472,3.179775281,3.08988764,4.97752809,6.078651685,5.93258427
E07000077,Uttlesford,432770.3696,9.281565217,0.053869565,0.041282609,9.811369565,-1.298,-0.55576087,29.17654348,14.15965217,8.195652174,8.782608696,7.456521739,9.543478261,7.782608696,4,6.869565217
E07000078,Cheltenham,297513.2,14.29170667,0.091786667,0.072893333,15.42768,-0.163253333,-0.15784,17.11418667,13.20802667,6.8,6.853333333,6.96,6.146666667,6.053333333,6.666666667,7.186666667
E07000079,Cotswold,370355.6667,10.97486275,0.064764706,0.050215686,11.26637255,-0.862333333,-1.05254902,27.54645098,20.20511765,7.666666667,8.117647059,7.274509804,8.568627451,9.137254902,4.274509804,5.941176471
E07000080,Forest of Dean,243157.9,18.1901,0.10882,0.09364,24.16874,-0.4039,-0.83258,22.70948,24.32072,5.64,5.2,4.6,7.02,8.5,5.34,4.98
E07000081,Gloucester,200834.3182,22.09862821,0.127397436,0.100397436,27.49085897,0.41124359,-0.234961538,21.47692308,14.68723077,5.5,5.384615385,4.474358974,4.076923077,6.256410256,5.269230769,6.923076923
E07000082,Stroud,292129.529,10.82198551,0.07784058,0.067043478,12.04292754,-0.570057971,-1.074898551,18.54508696,14.77217391,7,6.884057971,7.086956522,7.594202899,8.971014493,6.289855072,6.826086957
E07000083,Tewkesbury,286759,12.09806,0.07644,0.06084,15.79808,-0.5806,-0.85436,23.7748,15.5348,7.28,7.4,6.44,7.66,8.5,4.98,6.62
E07000084,Basingstoke and Deane,338192.7294,12.6726422,0.069486239,0.057550459,16.40498165,-0.519211009,-0.162504587,23.76350459,11.69388991,7.541284404,7.605504587,6.348623853,7.321100917,6.073394495,4.770642202,7.71559633
E07000085,East Hampshire,394912.7778,10.389,0.061708333,0.053430556,11.32677778,-0.835833333,-0.391208333,22.539875,16.87094444,7.888888889,7.833333333,7.430555556,8.388888889,6.986111111,5.180555556,6.388888889
E07000086,Eastleigh,303721.3312,10.06528571,0.064688312,0.055506494,14.67022078,-0.775974026,-0.232441558,15.43051948,13.99471429,7.818181818,7.753246753,6.467532468,8.207792208,6.402597403,7.246753247,6.818181818
E07000087,Fareham,299714.2123,9.120712329,0.056410959,0.050794521,10.8520274,-0.818191781,-0.530547945,19.89249315,16.29934247,8.205479452,8.054794521,7.356164384,8.438356164,7.452054795,5.904109589,6.246575342
E07000088,Gosport,225565.4717,20.03656604,0.104830189,0.086830189,29.27,0.065943396,0.303754717,18.10333962,22.31169811,5.943396226,5.811320755,4.113207547,5.169811321,4.358490566,6.358490566,5.169811321
E07000089,Hart,425957.5893,5.682649123,0.042035088,0.036385965,6.565350877,-1.518684211,-0.652175439,19.65364912,8.541649123,9,9.122807018,8.421052632,9.789473684,7.719298246,5.964912281,8.350877193
E07000090,Havant,271180.2632,21.7630641,0.125551282,0.100705128,30.53397436,0.059294872,0.259512821,18.27057692,16.87366667,5.358974359,5.230769231,4.307692308,5.346153846,4.602564103,6.397435897,6.166666667
E07000091,New Forest,367350.9646,13.11331579,0.076403509,0.067754386,15.10418421,-0.61577193,-0.177149123,23.86051754,14.26329825,7.201754386,6.842105263,6.447368421,7.833333333,6.184210526,4.815789474,7.175438596
E07000092,Rushmoor,305201.3158,15.6627069,0.101948276,0.065810345,18.91524138,-0.128896552,-0.013672414,22.49867241,13.11668966,6.24137931,7.017241379,5.534482759,5.948275862,5.534482759,5.103448276,7.103448276
E07000093,Test Valley,345511.9014,11.59823944,0.065028169,0.054394366,13.38970423,-0.720267606,-0.478647887,24.64087324,16.03066197,7.816901408,7.788732394,7.042253521,8.084507042,7.126760563,4.732394366,6.774647887
E07000094,Winchester,460285.0515,9.671557143,0.058857143,0.047842857,9.044614286,-1.020271429,-0.536642857,23.83915714,17.16151429,8,8.2,8.128571429,8.8,7.442857143,4.828571429,6.457142857
E07000095,Broxbourne,378028.0804,17.6,0.104857143,0.075339286,24.958,-0.698982143,0.048875,30.46873214,14.10358929,5.785714286,6.357142857,4.232142857,8.160714286,5.267857143,2.857142857,6.803571429
E07000096,Dacorum,424332.0109,12.80554255,0.083904255,0.064021277,16.3348617,-0.750287234,-0.077808511,22.78623404,9.401712766,6.765957447,7.127659574,6.287234043,8.053191489,5.829787234,4.978723404,8.170212766
E07000098,Hertsmere,502518.9919,14.02164516,0.08933871,0.067387097,13.8336129,-0.675451613,0.003112903,26.17130645,13.02446774,6.516129032,6.806451613,6.612903226,7.790322581,5.548387097,3.887096774,6.983870968
E07000099,North Hertfordshire,373315.2439,11.82614634,0.079390244,0.064512195,13.12208537,-0.693195122,-0.35695122,21.75218293,12.8774878,7.024390244,7.170731707,6.963414634,7.987804878,6.865853659,5.37804878,7.292682927
E07000102,Three Rivers,574362.7358,9.832773585,0.070188679,0.052867925,12.03411321,-1.089037736,-0.414528302,21.95501887,9.248584906,7.509433962,7.811320755,7.339622642,8.716981132,7.075471698,5.188679245,8.018867925
E07000103,Watford,406264.1509,15.42984906,0.092660377,0.068264151,13.22798113,-0.396660377,0.156754717,24.81950943,21.63898113,6.396226415,6.962264151,6.716981132,6.905660377,4.886792453,4.245283019,5.169811321
E07000105,Ashford,309352.6987,18.56555128,0.109294872,0.082551282,22.59653846,-0.444589744,0.104820513,28.64680769,15.5875,5.666666667,6.012820513,4.935897436,7.166666667,5.217948718,3.692307692,6.794871795
E07000106,Canterbury,307929.1364,17.5692,0.104266667,0.084455556,18.739,-0.117533333,0.142044444,23.13241111,12.34235556,5.955555556,6.077777778,5.788888889,5.911111111,4.977777778,4.922222222,7.511111111
E07000107,Dartford,322860.9483,18.83653448,0.094655172,0.072568966,19.57748276,-0.233275862,0.552534483,24.78291379,26.81437931,6.482758621,6.706896552,5.275862069,6.431034483,3.413793103,4.465517241,4.086206897
E07000108,Dover,249448.0746,22.08968657,0.133402985,0.111059701,24.66922388,-0.029597015,0.135253731,23.40726866,16.0169403,4.895522388,4.47761194,4.776119403,5.567164179,5.268656716,5.029850746,6.52238806
E07000109,Gravesham,313577.9688,20.742375,0.117515625,0.091359375,26.3478125,-0.165265625,0.79609375,15.46178125,18.78378125,5.609375,5.5625,4.265625,6.140625,2.71875,7.171875,5.75
E07000110,Maidstone,318223.6,16.17516842,0.092263158,0.070621053,18.68497895,-0.497863158,-0.040526316,24.71318947,22.05946316,6.589473684,6.831578947,5.936842105,7.431578947,5.6,4.505263158,5.389473684
E07000111,Sevenoaks,488864.6622,12.56666216,0.076108108,0.057621622,13.46695946,-1.019716216,0.133162162,23.175,17.197,7.243243243,7.635135135,6.824324324,8.878378378,4.972972973,4.986486486,6.324324324
E07000112,Folkestone and Hythe,274285.7239,23.98501493,0.142820896,0.120686567,25.63458209,0.129253731,-0.037044776,24.0069403,19.4991194,4.626865672,4.059701493,4.462686567,4.910447761,5.76119403,4.880597015,5.910447761
E07000113,Swale,273144.5941,27.34463529,0.150023529,0.121352941,34.4556,0.253835294,0.450588235,24.10352941,19.55418824,4.741176471,4.564705882,3.823529412,4.658823529,3.811764706,4.811764706,5.952941176
E07000114,Thanet,245520.1488,30.31544048,0.179464286,0.146857143,31.20427381,0.357654762,0.650369048,21.36188095,18.23520238,3.80952381,3.428571429,3.928571429,4.19047619,3.44047619,5.357142857,5.928571429
E07000115,Tonbridge and Malling,381726.9507,13.16238889,0.079597222,0.064763889,16.91577778,-0.732847222,-0.202180556,23.38591667,14.51569444,7.138888889,7.152777778,6.222222222,8.097222222,6.152777778,4.972222222,6.944444444
E07000116,Tunbridge Wells,426890.6716,11.35182353,0.073029412,0.058602941,12.59927941,-0.8655,-0.385970588,20.80230882,19.03767647,7.176470588,7.441176471,7.176470588,8.411764706,7.014705882,5.544117647,6.073529412
E07000117,Burnley,107404.1417,37.30198333,0.19935,0.159133333,34.97861667,1.076283333,0.75505,10.67935,37.01836667,3.65,3.216666667,3.566666667,2.066666667,3.233333333,8.6,3.416666667
E07000118,Chorley,183748.5227,16.862,0.100712121,0.090121212,15.68304545,0.189818182,-0.23930303,13.791,18.27506061,6.363636364,5.833333333,6.46969697,4.803030303,6.409090909,7.590909091,6.015151515
E07000119,Fylde,203783.4804,16.10894118,0.097058824,0.096431373,12.38980392,0.238235294,-0.559078431,12.38760784,19.32623529,6.235294118,5.215686275,6.941176471,4.490196078,7.745098039,7.901960784,5.960784314
E07000120,Hyndburn,107774.0673,33.82386538,0.178961538,0.149769231,29.73225,1.070115385,0.441769231,7.223115385,39.93163462,3.980769231,3.423076923,4.192307692,2.115384615,3.807692308,9.25,2.884615385
E07000121,Lancaster,164101.8539,24.73073034,0.13347191,0.112932584,20.74249438,0.551359551,0.035651685,14.64808989,31.77921348,5.370786517,5.123595506,5.797752809,3.606741573,5.438202247,7.471910112,3.853932584
E07000122,Pendle,114647.1754,30.23942105,0.164421053,0.129596491,32.31482456,0.650035088,0.055473684,9.588789474,45.51215789,4.263157895,4.122807018,3.807017544,3.157894737,5.210526316,8.877192982,2.280701754
E07000123,Preston,134716.2353,28.92825581,0.158662791,0.1225,25.0515,0.751418605,0.464,13.38415116,33.59881395,4.488372093,4.360465116,5.186046512,2.953488372,3.930232558,7.895348837,3.627906977
E07000124,Ribble Valley,246961.0125,10.295325,0.05585,0.0572,7.1792,-0.448625,-0.828075,18.9118,23.3438,8.2,7.525,8.25,7.25,8.3,6.35,5.125
E07000125,Rossendale,136890.5349,24.96144186,0.149837209,0.127069767,22.63516279,0.399651163,0.116023256,16.46962791,26.62109302,4.558139535,3.976744186,5.069767442,3.953488372,5.11627907,6.906976744,4.093023256
E07000126,South Ribble,174509.4191,15.74168571,0.093442857,0.082128571,14.41797143,0.125728571,-0.309,11.71965714,23.88264286,6.657142857,6.185714286,6.642857143,5.042857143,6.642857143,8.271428571,4.914285714
E07000127,West Lancashire,188728.5775,18.82278082,0.125013699,0.104726027,19.40415068,0.023219178,-0.473794521,19.10641096,13.89312329,5.684931507,5.315068493,6.04109589,5.506849315,7.301369863,6.150684932,6.931506849
E07000128,Wyre,156876.4203,22.13468116,0.132434783,0.117202899,20.49728986,0.504014493,-0.329043478,12.69397101,19.69231884,5.246376812,4.855072464,5.695652174,3.811594203,6.768115942,7.913043478,5.855072464
E07000129,Blaby,224097.8333,10.92468333,0.07105,0.060566667,17.1865,-0.477416667,-0.230583333,12.90773333,12.39008333,7.2,7.216666667,5.616666667,7.366666667,6.383333333,7.816666667,7.333333333
E07000130,Charnwood,225560,13.33986869,0.084626263,0.067646465,17.72329293,-0.444292929,-0.164414141,16.58627273,15.84249495,6.929292929,7.03030303,5.818181818,7.050505051,6.191919192,6.898989899,6.414141414
E07000131,Harborough,297856.6489,8.067319149,0.056404255,0.047638298,11.11885106,-1.045489362,-0.641148936,18.38887234,10.46031915,8.170212766,8.255319149,7.212765957,9,8,6.574468085,8.021276596
E07000132,Hinckley and Bosworth,219225.75,13.51825758,0.082030303,0.071545455,21.66816667,-0.420454545,-0.200530303,15.75018182,14.12972727,6.924242424,6.651515152,5.075757576,7.106060606,6.348484848,7.272727273,6.893939394
E07000133,Melton,244073.0833,12.55876667,0.0721,0.0586,15.50136667,-0.5684,-0.544133333,23.50306667,19.04953333,7.333333333,7.533333333,6.533333333,7.666666667,7.5,5.166666667,6.133333333
E07000134,North West Leicestershire,216333.5517,14.76167241,0.090362069,0.079741379,22.0212069,-0.155327586,-0.285086207,16.52396552,12.11065517,6.482758621,6.120689655,5.068965517,6.103448276,6.775862069,6.931034483,7.586206897
E07000135,Oadby and Wigston,242282.5,13.14761111,0.087527778,0.073583333,18.05286111,-0.157333333,-0.42075,16.12980556,8.973277778,6.583333333,6.555555556,5.916666667,6.111111111,7.166666667,7.027777778,8.25
E07000136,Boston,163625.5556,22.85191667,0.127194444,0.102472222,40.783,0.097361111,-0.605861111,21.57111111,20.75786111,4.861111111,4.638888889,2.722222222,5.083333333,7.694444444,5.583333333,5.666666667
E07000137,East Lindsey,180679.9375,29.65964198,0.162320988,0.14991358,32.02649383,0.589753086,-0.607728395,23.63225926,25.72606173,4.049382716,3.37037037,3.716049383,3.345679012,7.604938272,5.296296296,4.839506173
E07000138,Lincoln,157936.6071,27.38885965,0.158912281,0.129122807,31.75549123,0.671894737,0.078263158,22.06361404,14.16515789,4.50877193,4.315789474,3.964912281,3.122807018,5.070175439,5.035087719,7.070175439
E07000139,North Kesteven,209136.6328,11.66101563,0.08203125,0.073640625,13.6224375,-0.56590625,-1.386953125,19.2171875,13.248375,6.765625,6.34375,6.453125,7.734375,9.484375,6.3125,7.359375
E07000140,South Holland,189799.898,18.02389796,0.103653061,0.085693878,32.57159184,-0.187285714,-0.726387755,23.72897959,14.81738776,5.653061224,5.448979592,3.06122449,6.183673469,8.265306122,5,6.857142857
E07000141,South Kesteven,228822.6563,13.31706173,0.091938272,0.074506173,16.41993827,-0.500358025,-0.951222222,21.87174074,11.96667901,6.50617284,6.518518519,6.358024691,7.395061728,8.580246914,5.50617284,7.543209877
E07000142,West Lindsey,179554.4135,20.90146154,0.125615385,0.108653846,20.29836538,-0.005634615,-0.816519231,23.31896154,21.96863462,5.442307692,4.942307692,5.846153846,5.557692308,7.980769231,5.173076923,5.5
E07000143,Breckland,224560.141,19.61729487,0.099,0.086089744,33.07679487,-0.013589744,-0.607012821,25.9750641,18.6395641,6.025641026,5.58974359,3.397435897,5.487179487,7.756410256,4.487179487,6.141025641
E07000144,Broadland,257924.9226,11.7677381,0.071119048,0.068809524,16.09910714,-0.526392857,-1.070428571,21.47628571,15.4177381,7.178571429,6.607142857,5.69047619,7.607142857,9.047619048,5.571428571,6.642857143
E07000145,Great Yarmouth,178058.5833,32.3572459,0.180819672,0.154327869,40.88503279,0.578098361,0.036901639,20.98834426,23.99011475,3.836065574,3.262295082,2.836065574,3.37704918,5.573770492,5.524590164,5.016393443
E07000146,King's Lynn and West Norfolk,230084.0455,23.63096629,0.119831461,0.102719101,32.89159551,0.448089888,-0.68347191,25.18468539,23.68952809,5.157303371,4.730337079,3.404494382,3.685393258,7.741573034,4.539325843,5.112359551
E07000147,North Norfolk,266826.5323,21.10751613,0.108032258,0.097258065,24.59190323,0.026516129,-1.016645161,30.74719355,28.55924194,5.370967742,4.870967742,4.193548387,5.387096774,9.032258065,3.225806452,4.419354839
E07000148,Norwich,208294.0926,28.0833012,0.16546988,0.121795181,34.42062651,0.712795181,0.257987952,14.22189157,20.34273494,4.240963855,4.481927711,4.060240964,3.048192771,4.373493976,7.614457831,5.602409639
E07000149,South Norfolk,273978.642,13.63474074,0.078654321,0.068876543,15.51353086,-0.58554321,-0.929135802,25.32169136,23.12101235,6.851851852,6.666666667,6.024691358,7.851851852,8.679012346,4.567901235,5.296296296
E07000150,Corby,182466.125,26.82129268,0.141439024,0.118390244,40.5852439,0.66795122,0.076219512,24.33302439,9.084536585,4.682926829,4.414634146,2.951219512,3.146341463,5.317073171,4.365853659,8.268292683
E07000151,Daventry,280443.9205,13.33320455,0.073681818,0.062136364,17.64429545,-0.542568182,-0.130386364,23.22777273,15.09484091,7.340909091,7.363636364,6.136363636,7.5,6.045454545,4.863636364,6.727272727
E07000152,East Northamptonshire,241374.6122,14.20232653,0.085530612,0.069979592,23.23995918,-0.445510204,-0.315510204,19.47577551,13.82269388,6.775510204,6.775510204,4.87755102,7.163265306,6.836734694,6.12244898,7.06122449
E07000153,Kettering,209472.0175,18.25896491,0.107578947,0.087350877,23.39342105,0.029754386,-0.062719298,19.57089474,14.69168421,5.98245614,5.947368421,4.824561404,5.421052632,5.771929825,6.087719298,6.894736842
E07000154,Northampton,210559.9167,23.23884211,0.122556391,0.093947368,26.46335338,0.350796992,0.441654135,24.13138346,18.34026316,5.593984962,5.729323308,4.443609023,4.195488722,3.92481203,4.488721805,6.120300752
E07000155,South Northamptonshire,302271.3235,7.683431373,0.049333333,0.043117647,10.83180392,-1.010196078,-0.747352941,20.14382353,12.66619608,8.549019608,8.607843137,7.254901961,9.058823529,8.215686275,5.843137255,7.333333333
E07000156,Wellingborough,208849.6809,21.90342553,0.128085106,0.100702128,29.94870213,0.16406383,0.208638298,21.22668085,13.28248936,5.468085106,5.170212766,4.042553191,4.85106383,4.680851064,5.446808511,7.085106383
E07000163,Craven,243895.1563,13.18478125,0.07059375,0.0655625,13.0643125,-0.497125,-1.07690625,18.39209375,33.2184375,7.40625,7.15625,6.84375,7.4375,8.96875,6.59375,3.25
E07000164,Hambleton,243860.9904,11.90623077,0.067923077,0.05975,14.82803846,-0.756769231,-1.210711538,23.27107692,21.17409615,7.673076923,7.538461538,6.596153846,8.115384615,9.076923077,5.5,5.730769231
E07000165,Harrogate,316123.4375,10.75636538,0.061836538,0.054798077,10.28225962,-0.606423077,-0.967509615,21.00592308,22.02928846,7.865384615,7.826923077,7.548076923,7.75,8.490384615,5.951923077,5.394230769
E07000166,Richmondshire,220576.6129,12.31241176,0.060823529,0.053264706,16.84432353,-0.680441176,-1.395852941,28.72261765,21.78917647,7.970588235,7.794117647,5.970588235,8.147058824,9.470588235,4.058823529,5.764705882
E07000167,Ryedale,247611.6333,15.70896667,0.082333333,0.062933333,18.05446667,-0.549666667,-1.349866667,27.17296667,34.7853,6.733333333,7.066666667,5.5,7.6,9.5,4.766666667,3.133333333
E07000168,Scarborough,170665.3169,26.12642254,0.14384507,0.12428169,29.03473239,0.503098592,-0.469788732,19.79530986,27.94574648,4.788732394,4.211267606,4.253521127,3.563380282,6.929577465,6.056338028,4.732394366
E07000169,Selby,219575.9,12.67568,0.07852,0.07044,18.62338,-0.49576,-0.85026,18.74978,14.46416,7.12,6.68,5.72,7.36,8.28,6.28,6.72
E07000170,Ashfield,141038.8514,26.50251351,0.152486486,0.133283784,35.91293243,0.558405405,0.162094595,16.33132432,11.26712162,4.337837838,3.662162162,3.189189189,3.445945946,4.864864865,6.905405405,7.621621622
E07000171,Bassetlaw,163034.9857,23.01558571,0.1244,0.115014286,28.13627143,0.446028571,0.011057143,19.90002857,14.79104286,5.371428571,4.442857143,4.385714286,3.814285714,5.514285714,6,6.928571429
E07000172,Broxtowe,197254.5775,14.45484507,0.097859155,0.085690141,16.66097183,-0.266098592,-0.238816901,10.77942254,16.45860563,6.338028169,5.873239437,6.070422535,6.521126761,6.464788732,8.549295775,6.281690141
E07000173,Gedling,195923.7013,14.96748052,0.102649351,0.09212987,18.46548052,-0.24112987,-0.381948052,14.47853247,12.64225974,6,5.38961039,5.74025974,6.415584416,7.077922078,7.545454545,7.181818182
E07000174,Mansfield,137725.1493,28.43104478,0.155925373,0.142656716,36.70102985,0.74880597,0.188940299,17.59576119,12.56674627,4.582089552,3.686567164,3.373134328,2.850746269,4.835820896,6.597014925,7.268656716
E07000175,Newark and Sherwood,205686.9286,19.02904286,0.107271429,0.0983,25.58268571,-0.0523,-0.299214286,20.30441429,16.27491429,6.085714286,5.314285714,4.985714286,5.6,6.7,6.1,6.428571429
E07000176,Rushcliffe,288329.5956,7.288176471,0.060514706,0.054426471,6.097397059,-1.093691176,-0.905529412,14.48242647,11.96930882,8.029411765,7.794117647,8.779411765,8.882352941,8.867647059,7.5,7.558823529
E07000177,Cherwell,313463.457,14.47422581,0.075021505,0.059204301,21.20465591,-0.376301075,-0.45027957,24.56124731,20.51292473,7.344086022,7.516129032,5.462365591,6.946236559,7.172043011,4.88172043,5.634408602
E07000178,Oxford,468601.6203,16.98675904,0.099144578,0.068554217,17.34761446,-0.226385542,-0.022060241,22.9463012,25.38426506,6.325301205,6.903614458,6.385542169,6.301204819,5.518072289,4.795180723,4.361445783
E07000179,South Oxfordshire,460067.5852,8.328674157,0.053865169,0.042595506,11.68055056,-1.218640449,-0.77505618,21.37637079,14.69713483,8.258426966,8.629213483,7.404494382,9.325842697,8.269662921,5.640449438,7
E07000180,Vale of White Horse,359963.6149,8.38275,0.057815789,0.048657895,11.93978947,-1.101197368,-1.066065789,21.80094737,11.772,8.118421053,8.144736842,7.236842105,9.131578947,8.881578947,5.342105263,7.513157895
E07000181,West Oxfordshire,366262.6923,8.769090909,0.059954545,0.04869697,13.59569697,-0.903136364,-1.0515,22.16998485,11.00101515,7.939393939,8.212121212,6.666666667,8.863636364,8.96969697,5.287878788,7.863636364
E07000187,Mendip,273632.4242,16.72507576,0.100818182,0.084530303,18.06654545,-0.201348485,-0.219530303,22.42634848,17.92121212,5.984848485,5.833333333,5.5,6.242424242,6.303030303,5.257575758,6.409090909
E07000188,Sedgemoor,236407.0357,21.45835714,0.117985714,0.099,25.57021429,-0.041057143,-0.095742857,20.698,28.80028571,5.614285714,5.328571429,4.814285714,5.642857143,5.942857143,5.842857143,4.128571429
E07000189,South Somerset,242447.9369,17.40191262,0.096184466,0.080213592,20.0378932,-0.215320388,-0.287699029,23.70065049,24.85724272,6.281553398,6.077669903,5.368932039,6.339805825,6.650485437,5.019417476,5.048543689
E07000192,Cannock Chase,174972.2881,20.88928333,0.130116667,0.10755,30.80458333,0.156783333,-0.153533333,15.236,15.2742,5.033333333,4.766666667,3.783333333,4.766666667,6.133333333,7.283333333,6.516666667
E07000193,East Staffordshire,196234.7917,18.52193056,0.099402778,0.082583333,21.81330556,0.022152778,-0.256166667,19.17630556,29.13930556,6.347222222,6.111111111,5.416666667,5.458333333,6.402777778,6.263888889,4.180555556
E07000194,Lichfield,267111.6379,12.66862069,0.084241379,0.073637931,15.85212069,-0.412965517,-0.58612069,18.99717241,12.13731034,6.862068966,6.465517241,6.24137931,7.017241379,7.827586207,6.293103448,7.25862069
E07000195,Newcastle-under-Lyme,164287.875,19.1869125,0.1096,0.1017875,23.64265,0.3468625,-0.1634375,12.998925,15.9352,5.8375,5,5.1,4.1375,6.125,7.9625,6.5125
E07000196,South Staffordshire,238649.3382,13.19861765,0.087044118,0.073161765,16.91989706,-0.461426471,-0.442426471,16.68119118,17.57245588,6.676470588,6.514705882,5.911764706,7.264705882,7.279411765,6.852941176,6.073529412
E07000197,Stafford,215789.8938,13.54235,0.0779625,0.0742625,13.9185875,-0.215725,-0.5894,21.0662625,14.807875,7.3,6.6375,6.7375,6.3375,7.5125,5.725,6.925
E07000198,Staffordshire Moorlands,188607.6271,15.2059661,0.085694915,0.081135593,18.58708475,-0.231355932,-0.579949153,19.36901695,20.41752542,6.898305085,6.084745763,5.593220339,6.440677966,7.694915254,6.322033898,5.796610169
E07000199,Tamworth,198907.7551,20.98133333,0.125411765,0.097215686,30.96227451,0.264529412,0.060843137,19.29094118,10.54652941,5.431372549,5.31372549,3.823529412,4.431372549,5.31372549,6,7.705882353
E07000200,Babergh,296869.213,14.44255556,0.082037037,0.066907407,18.51868519,-0.645537037,-0.342037037,27.28440741,18.34611111,6.814814815,6.87037037,5.685185185,7.87037037,6.87037037,4.018518519,6.037037037
E07000202,Ipswich,209416.3095,25.70414118,0.140352941,0.109517647,33.13437647,0.401211765,0.394282353,19.15668235,24.06750588,4.858823529,4.8,3.847058824,3.917647059,4.011764706,6.152941176,4.811764706
E07000203,Mid Suffolk,284360.5089,13.38821429,0.072089286,0.058339286,16.37623214,-0.854482143,-0.609428571,28.62073214,22.05721429,7.267857143,7.446428571,5.839285714,8.589285714,7.75,4,5.321428571
E07000207,Elmbridge,695757.0988,8.006716049,0.057148148,0.042111111,7.077234568,-1.459641975,-0.212740741,19.82076543,13.09140741,8.148148148,8.543209877,8.481481481,9.432098765,6.37037037,5.938271605,7.012345679
E07000208,Epsom and Ewell,502242.7045,8.441204545,0.054045455,0.044681818,8.065681818,-1.148545455,-0.089363636,20.54438636,13.41745455,8.340909091,8.568181818,8.136363636,9.113636364,5.886363636,5.590909091,6.909090909
E07000209,Guildford,512103.061,9.723202381,0.058952381,0.047130952,11.56966667,-0.957202381,-0.486202381,22.99035714,14.58847619,8.035714286,8.297619048,7.476190476,8.452380952,7.30952381,5.047619048,6.75
E07000210,Mole Valley,539077.3148,9.139111111,0.053018519,0.048740741,8.519611111,-0.872407407,-0.507611111,23.19259259,15.9572037,8.259259259,8.12962963,7.981481481,8.555555556,7.5,5.185185185,6.462962963
E07000211,Reigate and Banstead,466894.9186,11.37913953,0.06755814,0.054918605,12.24343023,-0.657546512,-0.206093023,23.05465116,16.33896512,7.662790698,7.802325581,7.139534884,7.837209302,6.313953488,5.058139535,6.151162791
E07000212,Runnymede,447272.8365,12.26217308,0.066557692,0.0495,13.82496154,-0.750096154,-0.090211538,27.52773077,18.75926923,7.519230769,8.019230769,6.634615385,8.096153846,5.961538462,3.653846154,5.538461538
E07000213,Spelthorne,396292.5,14.863,0.0785,0.06045,18.08275,-0.561866667,0.061166667,26.76418333,23.89071667,6.933333333,7.233333333,5.683333333,7.683333333,5.216666667,3.75,4.466666667
E07000214,Surrey Heath,447830,7.960890909,0.052872727,0.043109091,9.621072727,-0.955145455,-0.659418182,21.78614545,9.883981818,8.290909091,8.545454545,7.8,8.581818182,7.963636364,5.2,7.909090909
E07000215,Tandridge,477217,12.05962,0.06328,0.05346,12.72202,-0.63274,0.1285,24.0824,17.33028,7.62,7.62,6.78,7.8,4.96,4.92,6.04
E07000216,Waverley,512434.7561,7.616134146,0.055109756,0.048780488,7.743841463,-0.9055,-0.735707317,19.53458537,9.542195122,8.195121951,8.182926829,8.256097561,8.56097561,8.195121951,6.109756098,8.134146341
E07000217,Woking,474101.2712,10.5652623,0.066,0.053590164,9.969704918,-0.656918033,-0.254622951,23.47603279,12.92442623,7.737704918,7.852459016,7.68852459,7.836065574,6.540983607,4.704918033,7.229508197
E07000218,North Warwickshire,212309.4737,17.99305263,0.097,0.080289474,25.64352632,-0.095473684,-0.046526316,21.41078947,22.54052632,6.184210526,6.078947368,4.447368421,5.921052632,5.763157895,5.684210526,4.868421053
E07000219,Nuneaton and Bedworth,177159.1667,22.8827037,0.131493827,0.109851852,29.14459259,0.263123457,0.26154321,17.38067901,18.36690123,5.209876543,4.679012346,4.185185185,4.432098765,4.469135802,6.641975309,5.962962963
E07000220,Rugby,241383.8115,13.90731148,0.085868852,0.06847541,15.34509836,-0.374737705,-0.067278689,20.48083607,16.7997541,6.737704918,6.836065574,6.459016393,6.967213115,5.786885246,5.93442623,6.163934426
E07000221,Stratford-on-Avon,336930,11.74739726,0.069246575,0.056191781,9.425013699,-0.586753425,-0.509013699,24.97013699,22.3069863,7.465753425,7.671232877,7.712328767,7.684931507,7.520547945,4.657534247,5.178082192
E07000222,Warwick,323184.4477,12.06555814,0.071837209,0.058593023,9.802906977,-0.310034884,-0.195813953,20.6009186,17.58222093,7.430232558,7.476744186,7.790697674,6.674418605,6.302325581,5.813953488,6.139534884
E07000223,Adur,317408.0595,17.70935714,0.108047619,0.088690476,26.4302619,-0.036833333,-0.383690476,17.51538095,20.53930952,5.666666667,5.595238095,4.30952381,5.571428571,6.976190476,6.642857143,5.166666667
E07000224,Arun,303134.6543,18.65373404,0.103744681,0.086914894,24.6315,0.138053191,-0.259446809,24.52711702,14.3572766,5.893617021,5.574468085,4.606382979,4.968085106,6.521276596,4.446808511,6.946808511
E07000225,Chichester,428284.9643,14.13747887,0.07828169,0.062492958,14.8155493,-0.443380282,-0.654619718,25.74235211,25.12523944,6.985915493,7.154929577,6.478873239,7.14084507,7.943661972,4.521126761,5.042253521
E07000226,Crawley,291213.0769,19.03369697,0.110045455,0.078181818,28.14924242,-0.063681818,0.051469697,26.54431818,14.45601515,5.439393939,5.96969697,3.893939394,5.590909091,5.196969697,3.787878788,6.696969697
E07000227,Horsham,412094.284,9.571308642,0.054271605,0.049333333,9.318925926,-0.902222222,-0.763469136,24.94817284,16.64976543,8.234567901,8.209876543,7.654320988,8.580246914,8.37037037,4.654320988,6.839506173
E07000228,Mid Sussex,400658.2326,7.737162791,0.053360465,0.046034884,10.43389535,-1.215255814,-0.685767442,19.67886047,11.95297674,8.290697674,8.372093023,7.488372093,9.313953488,8,5.976744186,7.651162791
E07000229,Worthing,305570.7692,16.76829231,0.099523077,0.0876,18.50321538,-0.094307692,-0.423876923,15.97807692,27.19061538,6.123076923,5.615384615,5.723076923,5.8,7.184615385,7.046153846,4.107692308
E07000234,Bromsgrove,306516.5517,11.62417241,0.071517241,0.06337931,10.83855172,-0.478241379,-0.142758621,19.30005172,12.26717241,7.517241379,7.206896552,7.413793103,7.24137931,5.982758621,6.086206897,7.431034483
E07000235,Malvern Hills,293700.2778,16.12262222,0.093533333,0.081022222,12.17951111,-0.563688889,-0.416933333,26.7896,26.71588889,6.488888889,6.2,7.4,7.666666667,7.266666667,4.4,4.555555556
E07000236,Redditch,205225.4091,22.39045455,0.122363636,0.098,27.9252,0.373654545,-0.078927273,29.74736364,8.247709091,5.672727273,5.436363636,4.309090909,4.127272727,5.818181818,3.236363636,8.454545455
E07000237,Worcester,205099.381,21.26171429,0.120190476,0.095507937,21.3477619,0.074968254,0.109095238,20.10322222,26.69920635,5.761904762,5.761904762,6.095238095,5.253968254,5.253968254,5.650793651,4.666666667
E07000238,Wychavon,284880.2244,15.68716667,0.084448718,0.072525641,17.30896154,-0.555012821,-0.343641026,27.73134615,22.46042308,6.794871795,6.628205128,6.115384615,7.564102564,6.871794872,4.051282051,5.064102564
E07000239,Wyre Forest,196422.3077,21.4184,0.121507692,0.102153846,24.69513846,-0.089215385,0.029476923,23.6646,22.93756923,5.615384615,5.138461538,4.815384615,5.8,5.4,4.953846154,5.184615385
E07000240,St Albans,595128.5172,8.335448276,0.059356322,0.048218391,4.976758621,-1.314241379,-0.259586207,22.24156322,11.22070115,7.965517241,8.149425287,8.793103448,9.287356322,6.482758621,5.114942529,7.620689655
E07000241,Welwyn Hatfield,428919.2424,13.99989552,0.086134328,0.064298507,15.86640299,-0.462597015,-0.148119403,25.26759701,12.51347761,6.537313433,7.044776119,6.208955224,7.134328358,6,4.388059701,7.253731343
E07000242,East Hertfordshire,444382.0783,8.353107143,0.060142857,0.048916667,8.890547619,-1.403345238,-0.424535714,20.36742857,11.18383333,7.988095238,8.25,7.80952381,9.380952381,7.142857143,5.988095238,7.654761905
E07000243,Stevenage,283544.7115,19.67153846,0.122192308,0.095192308,25.49361538,-0.086923077,0.144538462,24.10625,11.47228846,4.903846154,5,4.057692308,5.788461538,4.807692308,4.596153846,7.346153846
E07000244,East Suffolk,249016.5925,20.11997945,0.115130137,0.099431507,25.24981507,-0.086945205,-0.379958904,19.47169178,22.68490411,5.842465753,5.479452055,4.760273973,5.890410959,6.910958904,6.294520548,5.554794521
E07000245,West Suffolk,260166.375,16.08437,0.08119,0.06674,22.91802,-0.30101,-0.31616,31.00345,14.04747,6.77,6.94,4.87,6.59,6.68,3.24,7.1
E07000246,Somerset West and Taunton,236409.4034,19.51693182,0.105522727,0.090579545,19.44677273,-0.036352273,-0.216488636,25.29523864,25.19293182,5.920454545,5.579545455,5.670454545,5.636363636,6.386363636,4.488636364,5.181818182
E08000001,Bolton,141310.5289,30.14746893,0.18179096,0.139711864,25.84628814,0.582740113,0.686265537,14.12372881,25.32548588,4.237288136,3.97740113,4.751412429,3.435028249,3.282485876,7.638418079,4.751412429
E08000002,Bury,183670.8403,23.25038333,0.141808333,0.120091667,18.31905,0.296483333,0.409741667,14.99895,21.33681667,5.083333333,4.516666667,5.841666667,4.475,4,7.383333333,5.441666667
E08000003,Manchester,187192.5541,39.98703901,0.2185,0.151943262,28.11960284,1.203134752,1.198223404,25.56687943,31.62942908,3.315602837,3.695035461,4.379432624,1.858156028,1.762411348,3.943262411,3.528368794
E08000004,Oldham,141497.056,32.28707801,0.186304965,0.142021277,34.11052482,0.649617021,0.850056738,11.76369504,27.14382979,4.113475177,3.836879433,3.879432624,3.226950355,2.695035461,8.390070922,4.028368794
E08000005,Rochdale,139813.2137,33.30633582,0.193134328,0.152395522,29.92368657,0.823119403,0.913462687,18.03522388,18.84559701,3.791044776,3.425373134,4.111940299,2.656716418,2.298507463,6.395522388,5.828358209
E08000006,Salford,174868.0938,33.998,0.190513333,0.14988,30.48011333,0.991126667,0.673046667,18.67464667,24.06784,3.953333333,3.7,4.153333333,2.406666667,3.126666667,6.206666667,4.746666667
E08000007,Stockport,250928.7474,20.29491579,0.116873684,0.099347368,17.3132,0.334678947,0.318126316,13.68448947,19.48251579,5.921052632,5.536842105,6.515789474,4.442105263,4.226315789,7.789473684,5.784210526
E08000008,Tameside,151743.5993,30.81689362,0.171801418,0.139921986,28.69711348,0.839950355,0.703836879,15.46566667,24.34547518,3.985815603,3.624113475,4.092198582,2.574468085,2.886524823,7.283687943,4.723404255
E08000009,Trafford,319771.7044,15.91252899,0.105478261,0.08784058,10.55542754,-0.077528986,-0.066485507,13.71786232,20.90465217,6.362318841,6.050724638,7.630434783,5.789855072,5.804347826,7.782608696,5.297101449
E08000010,Wigan,141283.632,25.528415,0.146605,0.12928,26.459195,0.616455,0.37547,12.792815,13.454545,4.98,4.195,4.78,3.385,4.295,8.05,7.17
E08000011,Knowsley,137176.9845,43.56243878,0.254765306,0.206040816,42.51464286,1.397346939,0.213602041,18.28878571,27.98240816,2.87755102,2.469387755,2.969387755,1.642857143,4.62244898,6.326530612,3.795918367
E08000012,Liverpool,140753.4113,42.51792282,0.236234899,0.185620805,33.49872148,1.343332215,0.583644295,14.63989597,41.86175839,3.167785235,2.956375839,3.963087248,1.825503356,3.406040268,7.506711409,2.466442953
E08000013,St. Helens,137625.5217,31.51314286,0.181117647,0.163361345,27.75921849,1.070966387,0.188478992,12.51921008,18.38640336,4.226890756,3.277310924,4.705882353,2.193277311,4.789915966,8.134453782,5.848739496
E08000014,Sefton,178534.7074,27.28136508,0.163222222,0.145037037,20.82059788,0.761460317,-0.069608466,10.89513757,24.5500582,4.619047619,3.915343915,5.576719577,3.08994709,5.862433862,8.582010582,4.878306878
E08000015,Wirral,177331.8634,29.43321359,0.173645631,0.15265534,21.35804854,0.960995146,-0.064203883,10.37463592,27.05274272,4.660194175,3.912621359,5.883495146,2.776699029,5.699029126,8.72815534,4.247572816
E08000016,Barnsley,137291.4966,30.06089116,0.170040816,0.150034014,37.20742857,0.843292517,0.509734694,10.61472789,8.240503401,4.020408163,3.387755102,3.414965986,2.585034014,3.585034014,8.693877551,8.523809524
E08000017,Doncaster,135005.8639,30.09835567,0.16457732,0.136778351,39.45886598,0.670314433,0.690123711,16.00698454,13.05445876,4.268041237,3.726804124,3.484536082,3.025773196,3.12371134,7.201030928,7.226804124
E08000018,Rotherham,138005.7861,29.34747305,0.166802395,0.143137725,33.07543114,0.818323353,0.441886228,12.89894611,14.22446108,4.353293413,3.688622754,4.023952096,2.628742515,3.814371257,8.017964072,6.868263473
E08000019,Sheffield,176712.216,26.95375362,0.156342029,0.123889855,29.04570725,0.462915942,0.387762319,16.61793333,20.12896812,5.008695652,4.846376812,4.901449275,3.872463768,4.165217391,6.860869565,5.591304348
E08000021,Newcastle upon Tyne,164807.0671,29.84830286,0.180897143,0.139748571,28.31299429,0.80584,0.451302857,17.11686286,11.22567429,4.525714286,4.52,4.828571429,2.971428571,3.971428571,6.691428571,7.651428571
E08000022,North Tyneside,168399.1923,22.11335115,0.142931298,0.119801527,20.525,0.426045802,0.150389313,15.04729771,5.938007634,5.038167939,4.580152672,5.595419847,3.923664122,5.083969466,7.312977099,9.022900763
E08000023,South Tyneside,133702.4167,31.53848039,0.205813725,0.170794118,27.38826471,0.86622549,0.334137255,15.86973529,4.701039216,3.323529412,2.794117647,4.401960784,2.480392157,4.215686275,7.117647059,9.323529412
E08000024,Sunderland,123096.1657,30.63548649,0.193048649,0.161524324,30.62403243,0.825081081,0.391356757,13.28854595,4.409621622,3.648648649,3.07027027,4.021621622,2.589189189,4.12972973,7.891891892,9.356756757
E08000025,Birmingham,195776.9958,37.60826291,0.218200313,0.155616588,31.34388889,0.669486698,0.340893584,31.18158842,40.60270892,3.228482003,3.3114241,4.090766823,3.03286385,4.129890454,2.743348983,2.23943662
E08000026,Coventry,194904.0904,25.35287692,0.153835897,0.10885641,24.93694359,0.342723077,0.069835897,20.54824103,31.5102359,4.733333333,4.98974359,4.769230769,4.215384615,5.194871795,5.58974359,3.430769231
E08000027,Dudley,181776.3775,23.29091045,0.150587065,0.118502488,27.41008955,0.263577114,-0.159303483,12.57530348,23.69953234,4.791044776,4.492537313,4.567164179,4.407960199,6.054726368,8.184079602,4.791044776
E08000028,Sandwell,152514.0922,34.87560753,0.214274194,0.151005376,37.01766667,0.705612903,0.282612903,20.67991398,37.32296774,2.844086022,3.069892473,3.059139785,2.790322581,4.327956989,5.446236559,2.430107527
E08000029,Solihull,301732.7932,17.75452985,0.110649254,0.091164179,18.82329104,-0.230955224,-0.130723881,21.39364925,13.35897761,6.395522388,6.231343284,6.291044776,6.380597015,5.947761194,5.373134328,7.089552239
E08000030,Walsall,168317.7395,30.70813772,0.194179641,0.138287425,36.92828743,0.539233533,0.139377246,17.91661677,26.33582635,3.74251497,3.730538922,3.580838323,3.479041916,4.850299401,6.407185629,4.125748503
E08000031,Wolverhampton,156531.2418,31.51603797,0.207240506,0.151246835,31.11489873,0.596841772,0.034575949,20.41961392,26.08493038,3.215189873,3.094936709,3.886075949,3.14556962,5.329113924,5.569620253,4.170886076
E08000032,Bradford,142942.8917,33.88911935,0.184154839,0.134077419,36.1535871,0.615522581,0.907564516,16.24304839,35.74856452,4.080645161,4.074193548,3.835483871,3.312903226,2.674193548,6.951612903,3.229032258
E08000033,Calderdale,147625.4365,26.73428125,0.151515625,0.119054688,21.88883594,0.2910625,0.577695313,13.05660156,37.8130625,4.8671875,4.578125,5.4921875,4.4453125,3.40625,8,2.75
E08000034,Kirklees,157880.5593,24.8680888,0.141764479,0.112243243,24.92205019,0.159656371,0.478073359,18.11359073,30.54753282,4.972972973,4.776061776,4.965250965,4.884169884,3.741312741,6.370656371,3.613899614
E08000035,Leeds,192766.9078,27.243361,0.144060166,0.11110166,26.24549378,0.408365145,0.657726141,15.23154149,34.16101245,5.282157676,5.197095436,5.199170124,4.085062241,3.491701245,7.300829876,3.39626556
E08000036,Wakefield,153866.756,27.23937321,0.146449761,0.13130622,35.70502871,0.54362201,0.513253589,15.62204306,14.21382297,4.674641148,3.980861244,3.698564593,3.492822967,3.655502392,7.177033493,6.909090909
E08000037,Gateshead,138778.6364,28.03184127,0.166333333,0.137380952,26.78126984,0.818666667,0.333801587,17.59645238,10.9001746,4.206349206,3.761904762,4.642857143,2.706349206,4.26984127,6.476190476,7.746031746
E09000001,City of London,918000,14.805,0.062666667,0.050833333,5.3635,-0.6705,-1.660833333,36.27133333,40.37016667,8,7.833333333,8.833333333,7.833333333,9.833333333,1.833333333,2.333333333
E09000002,Barking and Dagenham,317051.1776,32.88347273,0.194218182,0.118963636,25.84250909,0.223418182,0.537709091,45.86668182,28.92366364,2.863636364,3.790909091,3.836363636,4.454545455,3.3,1.081818182,3.5
E09000003,Barnet,615684.9221,15.95362559,0.109184834,0.071971564,7.736260664,-1.08642654,0.078649289,30.94788626,24.32018483,5.701421801,6.568720379,8.109004739,8.890995261,5.17535545,2.890995261,4.407582938
E09000004,Bexley,367467.4824,15.88236301,0.102246575,0.074910959,18.28168493,-0.574342466,-0.146773973,25.44600685,19.67863014,6.164383562,6.506849315,5.321917808,7.719178082,6.116438356,4.301369863,5.342465753
E09000005,Brent,549396.627,25.19985549,0.154023121,0.096578035,14.79749133,-0.45933526,0.421317919,42.39563584,28.43498266,4.005780347,5.167630058,6.167630058,7.323699422,3.849710983,1.283236994,3.653179191
E09000006,Bromley,471408.0179,13.9694467,0.08971066,0.066324873,10.51175127,-0.910467005,-0.041695431,27.5841066,18.18629442,6.771573604,7.137055838,7.497461929,8.52284264,5.695431472,3.532994924,5.766497462
E09000007,Camden,864785.0676,19.98105263,0.139977444,0.091601504,10.40277444,-0.570203008,0.321338346,21.55116541,33.2872406,4.857142857,5.601503759,7.390977444,7.142857143,4.353383459,5.090225564,2.939849624
E09000008,Croydon,396285.5802,21.95730455,0.133836364,0.090177273,15.44486818,-0.18925,0.2513,33.52106818,25.29481818,4.922727273,5.554545455,6.181818182,6.177272727,4.513636364,2.322727273,4.413636364
E09000009,Ealing,525261.1796,22.5527398,0.139989796,0.092035714,12.27042347,-0.329331633,0.234581633,36.19280612,30.21660204,4.596938776,5.43877551,6.852040816,6.780612245,4.571428571,2.051020408,3.270408163
E09000010,Enfield,456761.7887,25.40344809,0.168,0.101513661,19.87893443,-0.54379235,0.188956284,39.35662842,27.23888525,3.912568306,4.945355191,5.420765027,7.519125683,4.721311475,1.644808743,3.857923497
E09000011,Greenwich,429637.6791,24.27517881,0.156549669,0.103039735,15.44686093,-0.028390728,0.469794702,32.10724503,24.67722517,4.092715232,4.80794702,6.052980132,5.523178808,3.57615894,2.61589404,4.377483444
E09000012,Hackney,578691.0478,32.86820139,0.198451389,0.118993056,15.13746528,0.393604167,0.628722222,42.66304167,35.49564583,2.958333333,4.006944444,6.270833333,3.854166667,3.104166667,1.069444444,2.625
E09000013,Hammersmith and Fulham,784966.8713,22.32622124,0.142300885,0.095504425,8.11980531,-0.047840708,0.352168142,28.11230088,35.06343363,4.690265487,5.407079646,8,5.592920354,4.017699115,3.309734513,2.539823009
E09000014,Haringey,580860.3281,27.5872,0.168289655,0.106462069,17.0595931,-0.135296552,0.716462069,34.69376552,34.15267586,3.95862069,4.765517241,6.013793103,5.917241379,2.827586207,2.020689655,2.689655172
E09000015,Harrow,495424.3071,14.86088321,0.107489051,0.066072993,8.100941606,-1.042875912,-0.156343066,33.65657664,18.73408029,5.627737226,6.883211679,7.927007299,9.02919708,6.211678832,2.226277372,5.540145985
E09000016,Havering,393348.8267,16.35052,0.10468,0.076113333,22.33428,-0.55384,0.102806667,22.44651333,16.55386,5.973333333,6.373333333,4.693333333,7.58,5.16,5.013333333,6.113333333
E09000017,Hillingdon,452830.35,17.83932919,0.112254658,0.075080745,16.02716149,-0.388875776,0.210869565,29.01209938,19.71121118,5.565217391,6.316770186,6.02484472,6.98757764,4.714285714,3.354037267,5.372670807
E09000018,Hounslow,465101.7897,21.37171127,0.128521127,0.080204225,13.43126761,-0.274676056,0.363887324,34.81816901,29.40974648,4.823943662,5.908450704,6.690140845,6.542253521,4,2.049295775,3.478873239
E09000019,Islington,632599.3696,27.70604065,0.180422764,0.115373984,12.48978049,0.286934959,0.61798374,28.00430894,35.13756911,3.406504065,4.170731707,6.764227642,4.333333333,3.024390244,3.170731707,2.577235772
E09000020,Kensington and Chelsea,1381305.978,22.01930097,0.121116505,0.083485437,5.418097087,-1.207980583,0.345466019,36.07478641,41.96687379,6.058252427,6.466019417,8.747572816,8.087378641,4.145631068,1.796116505,1.766990291
E09000021,Kingston upon Thames,539824.5825,11.3032449,0.078071429,0.054010204,6.990132653,-0.960265306,-0.346469388,24.63904082,24.27886735,7.040816327,7.826530612,8.306122449,8.775510204,6.928571429,4.224489796,4.408163265
E09000022,Lambeth,538281.4881,25.79724719,0.156269663,0.097314607,10.74001124,0.168511236,0.542421348,28.43951685,44.06363483,4.095505618,5.016853933,7.179775281,4.758426966,3.415730337,3.101123596,1.752808989
E09000023,Lewisham,437653.8719,26.86936095,0.166201183,0.107692308,14.08095858,0.07952071,0.397112426,34.73467456,36.22089349,3.668639053,4.461538462,6.343195266,5.082840237,3.881656805,2.071005917,2.568047337
E09000024,Merton,566448.209,14.34733065,0.098225806,0.063370968,9.003645161,-0.636201613,-0.067419355,22.09540323,29.12707258,6.330645161,7.241935484,7.701612903,7.709677419,5.766129032,5.056451613,3.516129032
E09000025,Newham,380977.7409,29.77107927,0.17152439,0.096414634,18.0509939,-0.010640244,0.466268293,49.44382317,31.84605488,3.420731707,4.87195122,5.213414634,5.487804878,3.646341463,1,3.097560976
E09000026,Redbridge,447228.0132,16.90785093,0.118614907,0.071900621,10.95642236,-0.74910559,0.284701863,27.59378261,24.99302484,5.204968944,6.459627329,7.130434783,8.267080745,4.354037267,3.453416149,4.236024845
E09000027,Richmond upon Thames,731984.8158,9.423121739,0.063982609,0.050521739,3.487626087,-1.377286957,-0.060704348,17.41528696,26.70606957,7.826086957,8.12173913,9.234782609,9.347826087,5.808695652,6.634782609,3.87826087
E09000028,Southwark,549657.2336,26.04128916,0.163692771,0.100710843,11.09124096,0.124349398,0.481608434,32.63690361,36.04058434,3.987951807,4.837349398,7.096385542,4.84939759,3.608433735,2.361445783,2.584337349
E09000029,Sutton,423016.0417,13.82028099,0.09361157,0.069090909,11.8278843,-0.575396694,-0.183041322,22.59854545,21.06964463,6.520661157,6.950413223,7.090909091,7.636363636,6.231404959,4.884297521,5.140495868
E09000030,Tower Hamlets,472001.0813,27.97045833,0.190722222,0.104694444,16.96238889,0.209861111,0.519222222,30.31984028,33.23554167,3.25,4.763888889,5.798611111,4.541666667,3.548611111,2.659722222,3
E09000031,Waltham Forest,463811.0181,25.13693056,0.151694444,0.094916667,16.97402083,-0.161993056,0.408527778,36.25046528,34.03589583,4.118055556,5.076388889,5.555555556,6.138888889,3.826388889,1.833333333,2.715277778
E09000032,Wandsworth,688022.0966,16.42026257,0.105061453,0.064167598,6.428860335,-0.403603352,0.11750838,26.73786592,32.67858101,5.955307263,7.100558659,8.441340782,7.016759777,5.044692737,3.810055866,3.022346369
E09000033,Westminster,1180655.37,20.33184375,0.133554688,0.0909375,8.320632813,-0.835445313,0.124828125,23.19948438,41.11934375,5.3984375,5.9375,7.921875,7.578125,5.0078125,4.546875,1.9375
